frabo_nr;grade_hanover;distance_home;living_arrangements;describe_ijk;feeling_ijk;importance_website;importance_social_media;importance_study_guide;V6.4_Wichtigkeit_Umfeld;importance_biz;importance_school;importance_hit;importance_infoday;freq_facebook;freq_insta;freq_twitter;freq_youtube;freq_linkedin;freq_xing;freq_tumbler;freq_reddit;freq_snapchat;freq_tiktok;freq_twitch;sn_contact;sn_inform;sn_friends;sn_organize;sn_vips;sn_brands;sn_entertainment;sn_learn;pol_information;trust_news;trust_talkshow;trust_website;trust_satire;trust_print;trust_news_portal;trust_radio;trust_news_app;trust_blog;trust_messaging;trust_google;trust_insta;trust_youtube;trust_twitter;trust_facebook;trust_snapchat;trust_other;trust_other_conc;affect_control;affect_problem_solving;affect_things;affect_difficulties;affect_life_satisfaction;gender;age
1;2;0;5;familiär;4;4;3;0;5;0;1;1;5;2;1;99;3;99;99;99;99;99;99;99;1;1;1;1;1;1;1;0;3;1;0;2;2;2;1;3;1;3;3;3;3;3;0;3;0;2;persönliches Umfeld;4;3;2;4;3;2;23
2;2;30;3;studieren;3;5;1;4;4;1;0;0;0;3;1;4;2;99;99;99;99;5;6;99;1;1;1;1;0;0;1;0;2;2;3;1;3;3;3;3;1;3;4;3;3;3;3;3;4;99;99;;3;2;4;3;1;22
3;5;10;5;Sympathisch;5;3;0;4;4;1;1;1;1;4;2;99;1;99;99;99;99;3;99;99;1;1;1;0;1;0;1;0;2;3;2;2;3;4;4;4;4;4;4;4;4;4;4;4;4;99;99;2;5;5;2;4;1;19
4;3;30;5;sympathisch;3;4;2;3;2;0;4;0;4;99;1;99;3;99;99;99;99;4;2;99;1;1;1;0;0;0;1;0;2;2;3;1;4;2;2;3;2;99;3;3;3;3;3;3;4;99;99;4;2;2;3;2;1;19
5;5;200;4;stark;4;5;3;5;4;0;3;0;0;2;1;5;3;0;0;0;0;4;0;0;1;1;0;0;0;1;1;0;1;1;2;1;2;0;2;3;1;0;4;4;4;4;4;4;4;99;99;2;5;5;3;5;2;23
6;1;5;1;Zukunftschancen;3;5;2;1;4;1;1;1;0;7;2;5;3;6;8;99;99;1;4;99;1;1;0;1;0;1;1;1;1;2;3;1;4;2;2;4;1;3;4;3;3;3;2;4;4;99;99;2;5;4;2;4;1;23
7;3;20;3;gemeinschaftlich;5;2;3;5;5;0;1;1;0;3;1;7;4;99;99;99;8;2;5;6;1;1;0;1;1;1;1;0;2;3;0;1;4;2;1;2;1;1;3;3;3;3;4;3;4;99;99;3;4;4;3;4;2;19
8;1,7;0;5;Exzellent;5;5;4;3;4;0;0;3;0;99;2;99;1;7;6;5;4;3;9;8;1;1;0;1;1;1;1;1;1;1;3;1;1;3;3;2;1;2;4;3;4;4;4;4;4;99;99;2;4;3;4;4;2;21
9;2;30;5;entspannt;4;4;1;0;4;0;0;;0;0;2;0;4;0;0;0;5;1;3;6;0;0;0;1;1;1;1;0;3;2;0;2;1;2;3;0;2;0;4;2;3;4;4;4;4;99;99;3;3;3;2;4;1;18
10;2;150;3;fürsorglich;4;5;4;1;5;0;0;0;0;5;1;6;4;99;99;99;99;3;2;99;1;1;1;1;1;1;1;1;2;2;2;3;3;0;3;0;2;2;0;2;2;2;3;2;3;0;99;3;4;2;4;4;1;19
11;2;160;1;familiär;5;5;1;5;5;0;4;99;0;0;1;0;3;0;0;0;0;4;2;0;1;1;0;1;1;1;1;1;2;1;3;1;3;1;1;2;1;3;99;1;3;3;99;99;4;99;99;4;2;2;5;4;1;19
12;2;140;1;familiär;4;5;0;0;5;0;0;0;0;99;1;99;3;4;99;5;99;2;99;99;1;1;0;1;1;0;1;0;2;2;3;1;2;2;2;2;1;3;3;2;3;3;3;3;3;99;99;2;3;3;2;4;1;21
13;2;650;1;freundlich;4;5;2;3;1;4;1;0;0;99;1;4;2;99;99;99;99;3;99;99;1;1;0;1;1;0;1;1;1;3;3;2;3;2;2;2;2;4;4;4;3;3;4;4;4;99;99;3;4;4;3;4;1;19
14;2;150;1;familiär;4;5;0;0;4;0;0;0;0;3;1;4;5;6;99;99;99;2;7;99;1;1;0;1;1;0;1;0;2;2;3;1;4;2;2;2;1;0;3;3;3;0;3;3;4;99;99;2;4;4;3;4;1;23
15;4;7000;5;groß;2;5;3;0;5;0;0;0;3;99;2;4;1;99;99;99;3;99;99;99;0;1;0;1;0;0;1;0;2;2;4;1;2;3;2;2;2;0;0;2;3;3;3;99;4;2;Reddit;4;4;2;3;99;2;19
16;2;100;1;Familie ;5;4;1;2;1;4;4;4;0;0;1;0;2;0;4;0;0;3;0;0;1;1;1;0;1;1;1;1;1;0;4;3;4;1;1;2;1;3;4;4;2;4;4;4;4;99;99;2;4;5;2;5;1;19
17;2;90;3;familiär;4;5;1;3;1;1;2;1;1;6;1;3;4;0;0;0;0;5;0;2;1;1;1;1;1;0;1;1;3;2;2;2;3;2;1;2;1;1;3;3;3;2;3;4;0;99;99;3;4;3;5;4;2;21
18;4;150;1;familiär;4;4;0;0;5;0;0;0;0;2;1;0;3;0;0;0;0;2;0;0;1;1;1;1;0;0;1;1;2;3;3;1;3;2;2;2;1;0;0;2;3;3;0;0;3;99;99;2;4;3;1;5;1;21
19;2;70;1;fürsorglich;4;5;4;4;1;1;1;1;1;0;1;0;2;0;0;0;0;3;4;0;1;1;0;0;1;0;1;1;1;0;0;2;0;2;1;1;1;0;0;3;3;3;0;0;4;99;99;2;4;3;2;4;1;18
20;3,5;0;5;aufregend;4;5;4;6;6;6;6;6;6;99;99;99;99;99;99;99;99;99;99;99;99;99;99;99;99;99;99;99;4;5;5;5;5;3;3;2;2;2;99;2;3;2;4;4;4;4;99;4;3;3;3;99;1;18
21;;;;;;;;;;;;;;;;;;;;;;;;;;;;;;;;;;;;;;;;;;;;;;;;;;;;;;;;;;
22;2;20;5;familiar;5;5;0;3;0;2;3;4;0;1;4;99;3;99;99;99;99;2;99;99;1;1;0;0;1;1;1;1;1;2;2;2;3;3;2;0;1;0;0;3;3;3;0;2;2;99;99;2;3;2;2;4;1;20
23;2;20;5;familiär;5;5;0;4;3;0;3;4;0;0;2;0;3;0;0;0;0;1;0;0;1;0;0;0;0;1;1;0;2;1;1;1;3;2;2;2;1;3;3;2;3;4;3;3;3;0;99;4;4;4;2;4;1;19
24;3;45;4;99;3;5;0;4;0;0;0;0;0;4;1;99;3;99;99;99;99;2;99;99;1;1;0;1;1;1;1;1;2;1;1;1;3;2;1;2;1;0;0;2;3;2;0;3;0;99;99;3;4;2;3;4;1;20
25;3;0;1;modern;5;5;0;0;4;0;0;0;0;0;1;0;3;0;0;0;0;2;4;0;1;1;1;1;1;1;1;1;3;1;1;1;2;1;2;2;1;0;3;2;2;3;4;4;0;99;99;4;5;2;3;99;99;99
26;2;80;2;familiär;5;5;0;0;0;0;0;0;0;4;1;99;3;99;99;99;99;2;99;5;1;1;1;1;1;1;1;0;1;2;3;1;3;1;1;2;1;3;0;3;2;4;4;4;4;99;99;2;4;4;3;4;1;19
27;2;25;4;familiär;5;5;4;3;0;0;0;0;0;4;1;99;2;99;99;99;99;3;99;99;1;1;0;1;1;1;1;0;3;2;0;2;2;3;2;2;1;2;3;3;3;3;0;4;4;99;99;2;4;4;2;5;1;21
28;2;65;3;99;4;0;0;0;4;0;0;0;0;99;1;99;2;99;99;99;99;99;99;99;1;1;0;0;0;0;1;0;1;1;1;1;2;2;2;1;1;3;4;3;4;3;99;99;99;99;99;2;3;2;2;99;2;28
29;2;150;3;familiär;4;5;3;4;4;0;0;0;0;99;1;99;3;99;99;99;99;2;4;99;1;1;1;1;1;1;1;1;2;2;2;2;3;4;2;2;2;4;4;1;1;3;4;3;3;99;99;2;3;3;2;4;1;19
30;1;90;3;familiär;5;3;2;0;0;0;0;0;5;5;1;2;4;99;99;99;99;3;99;99;1;1;1;1;1;1;1;1;1;4;2;2;3;3;2;3;1;2;3;4;3;4;3;4;4;99;99;5;2;4;5;4;1;17
31;2;120;1;anders;4;4;0;0;4;2;0;0;0;6;1;99;2;99;99;99;5;7;3;4;1;1;1;0;1;1;1;0;2;2;2;1;2;3;2;2;2;2;3;2;2;2;4;4;4;99;99;3;4;4;1;4;2;25
32;2;40;1;fürsorglich;5;4;3;0;4;0;0;0;0;3;1;99;2;99;99;99;99;4;5;99;1;0;0;1;1;0;1;0;2;3;3;3;4;4;2;2;3;4;4;2;2;2;4;4;4;99;99;2;5;5;3;4;1;22
33;2;0;5;besonders;3;4;2;0;0;0;0;0;0;99;1;99;2;99;99;99;99;3;4;99;1;1;0;0;1;1;1;0;3;2;4;1;4;4;2;2;2;4;4;2;3;3;4;0;0;99;99;4;3;3;4;3;1;18
34;2;45;7;familiär;5;4;2;0;3;0;0;0;0;4;1;6;5;99;99;7;99;2;3;99;1;1;1;1;0;0;1;1;2;2;3;1;4;2;2;2;2;0;4;2;4;4;0;4;4;99;99;3;5;5;2;5;1;19
35;2;160;1;familiär;5;4;0;0;5;0;0;0;0;99;1;99;3;99;99;99;99;2;99;99;1;1;0;1;1;0;1;1;2;2;3;1;4;2;2;2;1;3;4;2;4;4;0;4;4;99;99;2;4;4;1;5;1;21
36;2;100;3;familiär;5;5;3;1;0;0;0;5;5;6;1;4;2;99;99;99;99;3;5;99;1;1;1;1;1;1;1;1;1;1;2;1;2;2;1;2;1;0;4;3;3;3;3;0;3;99;99;4;3;3;4;4;2;23
37;2;35;1;;3;5;1;3;4;0;0;0;0;3;1;4;2;;;;;;;;1;1;0;0;1;0;1;0;2;4;2;2;1;3;3;2;2;0;0;4;4;4;4;4;4;99;99;1;4;2;3;4;1;33
38;2;30;3;studieren;3;5;1;4;4;1;0;0;0;3;1;4;2;99;99;99;99;5;6;99;1;1;1;1;0;0;1;0;2;2;3;1;3;3;3;3;1;3;4;3;3;3;3;3;4;99;99;4;3;2;4;3;1;22
39;2;25;1;fürsorglich;3;5;2;1;3;1;1;1;1;3;1;0;2;0;0;0;0;4;5;0;1;1;1;1;1;1;1;0;3;2;1;3;3;2;3;3;1;3;0;3;4;4;4;4;4;99;99;2;4;3;2;3;1;22
40;3;30;5;sympathisch;3;4;2;3;2;0;4;0;4;99;1;99;3;99;99;99;99;4;2;99;1;1;1;0;0;0;1;0;2;2;3;1;4;2;2;3;2;5;3;3;3;3;3;3;4;99;99;4;2;2;3;2;1;19
41;5;200;4;stark;4;5;3;5;4;0;3;0;0;2;1;5;3;99;99;99;99;4;99;99;1;1;0;0;0;1;1;0;1;1;2;1;2;0;2;3;1;0;4;4;4;4;4;4;4;99;99;2;5;5;3;5;2;23
42;2;180;4;sympathisch;4;5;3;0;3;0;0;0;0;2;1;6;3;4;0;0;0;5;0;0;1;1;0;1;1;1;1;0;1;2;2;1;2;2;2;2;1;0;4;3;3;3;3;4;4;99;99;2;5;4;2;5;2;23
43;3;20;5;gemeinschaftlich;5;2;3;5;5;0;1;1;0;3;1;7;4;99;99;99;8;2;5;6;1;1;0;1;1;1;1;0;2;3;0;1;4;2;1;2;1;1;3;3;3;3;4;3;4;99;99;3;4;4;3;4;2;19
44;2;0;5;exzellent;5;5;4;3;4;0;0;3;0;99;2;99;1;7;6;5;4;3;9;8;1;1;0;1;1;1;1;1;1;1;3;1;1;3;3;2;1;2;4;3;4;4;4;4;4;99;99;2;4;3;4;4;2;21
45;;;;;;;;;;;;;;;;;;;;;;;;;;;;;;;;;;;;;;;;;;;;;;;;;;;;;;;;;;
46;2;90;3;familiär;4;5;2;0;1;0;0;0;0;6;1;2;5;0;0;0;0;3;0;4;1;1;0;1;1;0;1;1;3;2;2;1;2;3;2;2;1;0;4;2;3;3;3;4;4;99;99;3;3;3;4;3;2;21
47;2;160;1;familiär;5;5;1;5;5;0;4;99;0;99;1;99;3;99;99;99;99;4;2;99;1;1;0;1;1;1;1;1;2;1;3;1;3;1;1;2;1;3;99;1;3;3;99;99;4;99;99;4;2;2;5;4;1;19
48;2;140;1;familiär;4;5;99;99;5;99;99;99;99;0;1;0;3;4;0;5;0;2;0;0;1;1;0;1;1;0;1;0;2;2;3;1;2;2;2;2;1;3;3;2;3;3;3;3;3;99;99;2;3;3;2;4;1;21
49;2;70;7;familiär;4;3;0;99;4;0;0;0;0;0;1;0;3;0;0;4;0;2;5;6;1;1;0;1;1;0;1;0;2;2;99;1;99;2;2;1;1;0;4;2;3;3;3;4;3;99;99;2;3;3;2;4;1;19
50;2;0;1;modern;5;5;0;0;4;0;0;0;0;0;1;0;3;0;0;0;0;2;4;0;1;1;1;1;1;1;1;1;3;2;3;1;3;2;2;2;1;0;4;2;3;4;4;4;4;99;99;4;3;3;4;3;1;21
51;;;;;;;;;;;;;;;;;;;;;;;;;;;;;;;;;;;;;;;;;;;;;;;;;;;;;;;;;;
52;2;100;1;Familie;5;4;1;2;1;4;4;4;0;99;1;99;2;99;4;99;99;3;99;99;1;1;1;0;1;1;1;1;1;0;4;3;4;1;1;2;1;3;4;4;2;4;4;4;4;99;99;2;4;5;2;5;1;19